id;type;last_use;created
1;Music;2019-06-23T13:55:20;2019-06-23T03:02:32
2;infomediaries;2019-06-23T16:32:05;2019-06-23T04:49:26
3;backing up Salad;2019-06-23T10:04:42;2019-06-23T13:15:10
4;invoice;2019-06-23T11:58:57;2019-06-23T09:15:36
5;sky blue Georgia;2019-06-23T18:42:43;2019-06-22T20:11:38
6;connect Markets Chief;2019-06-23T05:06:51;2019-06-23T02:00:33
7;archive Georgia Aruba;2019-06-22T20:23:45;2019-06-23T11:39:21
8;scale interactive generating;2019-06-23T10:54:06;2019-06-22T20:17:52
9;Home Loan Account;2019-06-23T12:50:23;2019-06-23T16:04:53
10;back-end;2019-06-23T17:40:28;2019-06-23T19:05:18
