id;name;last_login;created
1;mobile Fish;2019-06-23T00:45:04;2019-06-23T05:05:45
2;Table Computer;2019-06-23T18:04:10;2019-06-23T08:26:30
3;seamless Metal deposit;2019-06-23T18:06:35;2019-06-22T20:11:09
4;parsing red Chips;2019-06-23T15:03:43;2019-06-23T04:38:39
5;Home Loan Account;2019-06-23T19:17:38;2019-06-23T09:05:49
6;intangible;2019-06-23T04:46:45;2019-06-23T09:52:01
7;Gorgeous Frozen Pants;2019-06-23T13:52:37;2019-06-23T08:31:05
8;bluetooth;2019-06-23T14:40:17;2019-06-23T10:17:04
9;Planner Canyon;2019-06-22T22:49:31;2019-06-23T04:52:57
10;Table Small Frozen Sausages Planner;2019-06-23T00:03:44;2019-06-23T10:12:49
